gene_id	gene_symbol	description	scientific_name	common_name	tax_id	genomic_range	orientation	location	gene_type	transcript_accession	transcript_name	transcript_length	transcript_cds_coords	protein_accession	isoform_name	protein_length	protein_name
35107	Pde11	Phosphodiesterase 11	Drosophila melanogaster	fruit fly	7227	NT_033779.5:18532025-18590342	-	chr 2L	PROTEIN_CODING	NM_001201909.2		6515	NM_001201909.2:1056-4409	NP_001188838.1	isoform E [Drosophila melanogaster]	1117	phosphodiesterase 11, isoform E
35107	Pde11	Phosphodiesterase 11	Drosophila melanogaster	fruit fly	7227	NT_033779.5:18532025-18590342	-	chr 2L	PROTEIN_CODING	NM_001299115.1		6456	NM_001299115.1:791-5146	NP_001286044.1	isoform F [Drosophila melanogaster]	1451	phosphodiesterase 11, isoform F
35107	Pde11	Phosphodiesterase 11	Drosophila melanogaster	fruit fly	7227	NT_033779.5:18532025-18590342	-	chr 2L	PROTEIN_CODING	NM_001299116.1		4973	NM_001299116.1:143-4366	NP_001286045.1	isoform G [Drosophila melanogaster]	1407	phosphodiesterase 11, isoform G
35107	Pde11	Phosphodiesterase 11	Drosophila melanogaster	fruit fly	7227	NT_033779.5:18532025-18590342	-	chr 2L	PROTEIN_CODING	NM_001103707.2		5886	NM_001103707.2:1056-5279	NP_001097177.1	isoform C [Drosophila melanogaster]	1407	phosphodiesterase 11, isoform C
35107	Pde11	Phosphodiesterase 11	Drosophila melanogaster	fruit fly	7227	NT_033779.5:18532025-18590342	-	chr 2L	PROTEIN_CODING	NM_001201908.2		5506	NM_001201908.2:618-4103	NP_001188837.1	isoform D [Drosophila melanogaster]	1161	phosphodiesterase 11, isoform D
35107	Pde11	Phosphodiesterase 11	Drosophila melanogaster	fruit fly	7227	NT_033779.5:18532025-18590342	-	chr 2L	PROTEIN_CODING	NM_136041.2		5639	NM_136041.2:677-5032	NP_609885.2	isoform B [Drosophila melanogaster]	1451	phosphodiesterase 11, isoform B
