gene_id	gene_symbol	description	scientific_name	common_name	tax_id	genomic_range	orientation	location	gene_type	transcript_accession	transcript_name	transcript_length	transcript_cds_coords	protein_accession	isoform_name	protein_length	protein_name
36080	Syb	Synaptobrevin	Drosophila melanogaster	fruit fly	7227	NT_033778.4:10249435-10252417	-	chr 2R	PROTEIN_CODING	NM_078956.4		852	NM_078956.4:147-536	NP_523680.1	isoform A [Drosophila melanogaster]	129	synaptobrevin, isoform A
36080	Syb	Synaptobrevin	Drosophila melanogaster	fruit fly	7227	NT_033778.4:10249435-10252417	-	chr 2R	PROTEIN_CODING	NM_001144162.2		1070	NM_001144162.2:147-476	NP_001137634.1	isoform D [Drosophila melanogaster]	109	synaptobrevin, isoform D
36080	Syb	Synaptobrevin	Drosophila melanogaster	fruit fly	7227	NT_033778.4:10249435-10252417	-	chr 2R	PROTEIN_CODING	NM_001144161.2		921	NM_001144161.2:147-605	NP_001137633.1	isoform C [Drosophila melanogaster]	152	synaptobrevin, isoform C
36080	Syb	Synaptobrevin	Drosophila melanogaster	fruit fly	7227	NT_033778.4:10249435-10252417	-	chr 2R	PROTEIN_CODING	NM_165756.3		1139	NM_165756.3:147-545	NP_724906.1	isoform B [Drosophila melanogaster]	132	synaptobrevin, isoform B
36080	Syb	Synaptobrevin	Drosophila melanogaster	fruit fly	7227	NT_033778.4:10249435-10252417	-	chr 2R	PROTEIN_CODING	NM_001299349.1		814	NM_001299349.1:109-498	NP_001286278.1	isoform E [Drosophila melanogaster]	129	synaptobrevin, isoform E
