gene_id	gene_symbol	description	scientific_name	common_name	tax_id	genomic_range	orientation	location	gene_type	transcript_accession	transcript_name	transcript_length	transcript_cds_coords	protein_accession	isoform_name	protein_length	protein_name
41398	Csk	C-terminal Src kinase	Drosophila melanogaster	fruit fly	7227	NT_033777.3:11633278-11650706	-	chr 3R	PROTEIN_CODING	NM_169414.2		4524	NM_169414.2:811-2982	NP_731607.1	isoform I [Drosophila melanogaster]	723	C-terminal Src kinase, isoform I
41398	Csk	C-terminal Src kinase	Drosophila melanogaster	fruit fly	7227	NT_033777.3:11633278-11650706	-	chr 3R	PROTEIN_CODING	NM_169418.3		5093	NM_169418.3:393-3551	NP_731611.2	isoform G [Drosophila melanogaster]	1052	C-terminal Src kinase, isoform G
41398	Csk	C-terminal Src kinase	Drosophila melanogaster	fruit fly	7227	NT_033777.3:11633278-11650706	-	chr 3R	PROTEIN_CODING	NM_141840.1		4088	NM_141840.1:129-2546	NP_650097.2	isoform H [Drosophila melanogaster]	805	C-terminal Src kinase, isoform H
41398	Csk	C-terminal Src kinase	Drosophila melanogaster	fruit fly	7227	NT_033777.3:11633278-11650706	-	chr 3R	PROTEIN_CODING	NM_001275547.1		4832	NM_001275547.1:132-3290	NP_001262476.1	isoform L [Drosophila melanogaster]	1052	C-terminal Src kinase, isoform L
41398	Csk	C-terminal Src kinase	Drosophila melanogaster	fruit fly	7227	NT_033777.3:11633278-11650706	-	chr 3R	PROTEIN_CODING	NM_176461.1		3946	NM_176461.1:233-2404	NP_788638.1	isoform F [Drosophila melanogaster]	723	C-terminal Src kinase, isoform F
41398	Csk	C-terminal Src kinase	Drosophila melanogaster	fruit fly	7227	NT_033777.3:11633278-11650706	-	chr 3R	PROTEIN_CODING	NM_169415.2		3952	NM_169415.2:239-2410	NP_731608.1	isoform J [Drosophila melanogaster]	723	C-terminal Src kinase, isoform J
41398	Csk	C-terminal Src kinase	Drosophila melanogaster	fruit fly	7227	NT_033777.3:11633278-11650706	-	chr 3R	PROTEIN_CODING	NM_169416.2		4172	NM_169416.2:459-2630	NP_731609.1	isoform K [Drosophila melanogaster]	723	C-terminal Src kinase, isoform K
