gene_id	gene_symbol	description	scientific_name	common_name	tax_id	genomic_range	orientation	location	gene_type	transcript_accession	transcript_name	transcript_length	transcript_cds_coords	protein_accession	isoform_name	protein_length	protein_name
47763	Abd-B	Abdominal B	Drosophila melanogaster	fruit fly	7227	NT_033777.3:16927212-16972236	-	chr 3R	PROTEIN_CODING	NM_206498.2		3701	NM_206498.2:712-1524	NP_996220.1	isoform E [Drosophila melanogaster]	270	abdominal B, isoform E
47763	Abd-B	Abdominal B	Drosophila melanogaster	fruit fly	7227	NT_033777.3:16927212-16972236	-	chr 3R	PROTEIN_CODING	NM_001316545.1		3715	NM_001316545.1:726-1538	NP_001303474.1	isoform I [Drosophila melanogaster]	270	abdominal B, isoform I
47763	Abd-B	Abdominal B	Drosophila melanogaster	fruit fly	7227	NT_033777.3:16927212-16972236	-	chr 3R	PROTEIN_CODING	NM_001316543.1		4870	NM_001316543.1:1212-2693	NP_001303472.1	isoform H [Drosophila melanogaster]	493	abdominal B, isoform H
47763	Abd-B	Abdominal B	Drosophila melanogaster	fruit fly	7227	NT_033777.3:16927212-16972236	-	chr 3R	PROTEIN_CODING	NM_001316542.1		8184	NM_001316542.1:5650-6462	NP_001303471.1	isoform J [Drosophila melanogaster]	270	abdominal B, isoform J
47763	Abd-B	Abdominal B	Drosophila melanogaster	fruit fly	7227	NT_033777.3:16927212-16972236	-	chr 3R	PROTEIN_CODING	NM_169735.2		3251	NM_169735.2:717-1529	NP_732180.1	isoform C [Drosophila melanogaster]	270	abdominal B, isoform C
47763	Abd-B	Abdominal B	Drosophila melanogaster	fruit fly	7227	NT_033777.3:16927212-16972236	-	chr 3R	PROTEIN_CODING	NM_142320.2		3078	NM_142320.2:544-1356	NP_650577.1	isoform A [Drosophila melanogaster]	270	abdominal B, isoform A
47763	Abd-B	Abdominal B	Drosophila melanogaster	fruit fly	7227	NT_033777.3:16927212-16972236	-	chr 3R	PROTEIN_CODING	NM_169736.2		3260	NM_169736.2:726-1538	NP_732181.1	isoform D [Drosophila melanogaster]	270	abdominal B, isoform D
47763	Abd-B	Abdominal B	Drosophila melanogaster	fruit fly	7227	NT_033777.3:16927212-16972236	-	chr 3R	PROTEIN_CODING	NM_001275719.2		3260	NM_001275719.2:726-1697	NP_001262648.1	isoform F [Drosophila melanogaster]	323	abdominal B, isoform F
47763	Abd-B	Abdominal B	Drosophila melanogaster	fruit fly	7227	NT_033777.3:16927212-16972236	-	chr 3R	PROTEIN_CODING	NM_001316544.1		3260	NM_001316544.1:726-1586	NP_001303473.1	isoform G [Drosophila melanogaster]	286	abdominal B, isoform G
47763	Abd-B	Abdominal B	Drosophila melanogaster	fruit fly	7227	NT_033777.3:16927212-16972236	-	chr 3R	PROTEIN_CODING	NM_080157.3		4415	NM_080157.3:1212-2693	NP_524896.2	isoform B [Drosophila melanogaster]	493	abdominal B, isoform B
