gene_id	gene_symbol	description	scientific_name	common_name	tax_id	genomic_range	orientation	location	gene_type	transcript_accession	transcript_name	transcript_length	transcript_cds_coords	protein_accession	isoform_name	protein_length	protein_name
42986	ssh	slingshot	Drosophila melanogaster	fruit fly	7227	NT_033777.3:24938710-24944956	-	chr 3R	PROTEIN_CODING	NM_079768.4		4780	NM_079768.4:483-4061	NP_524492.2	isoform A [Drosophila melanogaster]	1192	slingshot, isoform A
42986	ssh	slingshot	Drosophila melanogaster	fruit fly	7227	NT_033777.3:24938710-24944956	-	chr 3R	PROTEIN_CODING	NM_001170246.1		4419	NM_001170246.1:483-3620	NP_001163717.1	isoform D [Drosophila melanogaster]	1045	slingshot, isoform D
42986	ssh	slingshot	Drosophila melanogaster	fruit fly	7227	NT_033777.3:24938710-24944956	-	chr 3R	PROTEIN_CODING	NM_001170245.1		4186	NM_001170245.1:247-3387	NP_001163716.1	isoform C [Drosophila melanogaster]	1046	slingshot, isoform C
42986	ssh	slingshot	Drosophila melanogaster	fruit fly	7227	NT_033777.3:24938710-24944956	-	chr 3R	PROTEIN_CODING	NM_170184.2		4254	NM_170184.2:247-3828	NP_733063.1	isoform B [Drosophila melanogaster]	1193	slingshot, isoform B
