gene_id	gene_symbol	description	scientific_name	common_name	tax_id	genomic_range	orientation	location	gene_type	transcript_accession	transcript_name	transcript_length	transcript_cds_coords	protein_accession	isoform_name	protein_length	protein_name
31722	fs(1)h	female sterile (1) homeotic	Drosophila melanogaster	fruit fly	7227	NC_004354.4:8037808-8061436	-	chr X	PROTEIN_CODING	NM_001272392.2		9949	NM_001272392.2:638-6778	NP_001259321.1	isoform G [Drosophila melanogaster]	2046	female sterile (1) homeotic, isoform G
31722	fs(1)h	female sterile (1) homeotic	Drosophila melanogaster	fruit fly	7227	NC_004354.4:8037808-8061436	-	chr X	PROTEIN_CODING	NM_078523.3		8942	NM_078523.3:638-6754	NP_511078.2	isoform B [Drosophila melanogaster]	2038	female sterile (1) homeotic, isoform B
31722	fs(1)h	female sterile (1) homeotic	Drosophila melanogaster	fruit fly	7227	NC_004354.4:8037808-8061436	-	chr X	PROTEIN_CODING	NM_206647.3		9034	NM_206647.3:991-4323	NP_996370.1	isoform C [Drosophila melanogaster]	1110	female sterile (1) homeotic, isoform C
31722	fs(1)h	female sterile (1) homeotic	Drosophila melanogaster	fruit fly	7227	NC_004354.4:8037808-8061436	-	chr X	PROTEIN_CODING	NM_167144.4		9146	NM_167144.4:1103-4435	NP_727228.1	isoform A [Drosophila melanogaster]	1110	female sterile (1) homeotic, isoform A
31722	fs(1)h	female sterile (1) homeotic	Drosophila melanogaster	fruit fly	7227	NC_004354.4:8037808-8061436	-	chr X	PROTEIN_CODING	NM_206646.4		9071	NM_206646.4:1028-4360	NP_996369.1	isoform D [Drosophila melanogaster]	1110	female sterile (1) homeotic, isoform D
31722	fs(1)h	female sterile (1) homeotic	Drosophila melanogaster	fruit fly	7227	NC_004354.4:8037808-8061436	-	chr X	PROTEIN_CODING	NM_001272394.2		8716	NM_001272394.2:658-4005	NP_001259323.1	isoform I [Drosophila melanogaster]	1115	female sterile (1) homeotic, isoform I
31722	fs(1)h	female sterile (1) homeotic	Drosophila melanogaster	fruit fly	7227	NC_004354.4:8037808-8061436	-	chr X	PROTEIN_CODING	NM_206645.4		8773	NM_206645.4:730-4062	NP_996368.1	isoform E [Drosophila melanogaster]	1110	female sterile (1) homeotic, isoform E
31722	fs(1)h	female sterile (1) homeotic	Drosophila melanogaster	fruit fly	7227	NC_004354.4:8037808-8061436	-	chr X	PROTEIN_CODING	NM_001272393.2		9076	NM_001272393.2:1048-4365	NP_001259322.1	isoform H [Drosophila melanogaster]	1105	female sterile (1) homeotic, isoform H
31722	fs(1)h	female sterile (1) homeotic	Drosophila melanogaster	fruit fly	7227	NC_004354.4:8037808-8061436	-	chr X	PROTEIN_CODING	NM_001169228.2		5081	NM_001169228.2:1002-4334	NP_001162699.1	isoform F [Drosophila melanogaster]	1110	female sterile (1) homeotic, isoform F
