gene_id	gene_symbol	description	scientific_name	common_name	tax_id	genomic_range	orientation	location	gene_type	transcript_accession	transcript_name	transcript_length	transcript_cds_coords	protein_accession	isoform_name	protein_length	protein_name
32278	HDAC4	Histone deacetylase 4	Drosophila melanogaster	fruit fly	7227	NC_004354.4:13262687-13285632	-	chr X	PROTEIN_CODING	NM_001272578.2		6876	NM_001272578.2:772-4581	NP_001259507.1	isoform G [Drosophila melanogaster]	1269	histone deacetylase 4, isoform G
32278	HDAC4	Histone deacetylase 4	Drosophila melanogaster	fruit fly	7227	NC_004354.4:13262687-13285632	-	chr X	PROTEIN_CODING	NM_001272581.2		6248	NM_001272581.2:538-4155	NP_001259510.1	isoform J [Drosophila melanogaster]	1205	histone deacetylase 4, isoform J
32278	HDAC4	Histone deacetylase 4	Drosophila melanogaster	fruit fly	7227	NC_004354.4:13262687-13285632	-	chr X	PROTEIN_CODING	NM_132640.6		6312	NM_132640.6:461-4219	NP_572868.3	isoform D [Drosophila melanogaster]	1252	histone deacetylase 4, isoform D
32278	HDAC4	Histone deacetylase 4	Drosophila melanogaster	fruit fly	7227	NC_004354.4:13262687-13285632	-	chr X	PROTEIN_CODING	NM_001272580.2		6559	NM_001272580.2:849-4466	NP_001259509.1	isoform I [Drosophila melanogaster]	1205	histone deacetylase 4, isoform I
32278	HDAC4	Histone deacetylase 4	Drosophila melanogaster	fruit fly	7227	NC_004354.4:13262687-13285632	-	chr X	PROTEIN_CODING	NM_001272579.2		6510	NM_001272579.2:872-4417	NP_001259508.1	isoform H [Drosophila melanogaster]	1181	histone deacetylase 4, isoform H
32278	HDAC4	Histone deacetylase 4	Drosophila melanogaster	fruit fly	7227	NC_004354.4:13262687-13285632	-	chr X	PROTEIN_CODING	NM_001014736.5		5299	NM_001014736.5:461-4072	NP_001014736.2	isoform E [Drosophila melanogaster]	1203	histone deacetylase 4, isoform E
32278	HDAC4	Histone deacetylase 4	Drosophila melanogaster	fruit fly	7227	NC_004354.4:13262687-13285632	-	chr X	PROTEIN_CODING	NM_001258722.3		5487	NM_001258722.3:532-4260	NP_001245651.1	isoform F [Drosophila melanogaster]	1242	histone deacetylase 4, isoform F
32278	HDAC4	Histone deacetylase 4	Drosophila melanogaster	fruit fly	7227	NC_004354.4:13262687-13285632	-	chr X	PROTEIN_CODING	NM_167356.3		5182	NM_167356.3:410-3955	NP_727682.1	isoform B [Drosophila melanogaster]	1181	histone deacetylase 4, isoform B
