gene_id	gene_symbol	description	scientific_name	common_name	tax_id	genomic_range	orientation	location	gene_type	transcript_accession	transcript_name	transcript_length	transcript_cds_coords	protein_accession	isoform_name	protein_length	protein_name
39041	Argk	Arginine kinase	Drosophila melanogaster	fruit fly	7227	NT_037436.4:9048781-9066027	-	chr 3L	PROTEIN_CODING	NM_001300060.1		1576	NM_001300060.1:11-1081	NP_001286989.1	isoform H [Drosophila melanogaster]	356	arginine kinase, isoform H
39041	Argk	Arginine kinase	Drosophila melanogaster	fruit fly	7227	NT_037436.4:9048781-9066027	-	chr 3L	PROTEIN_CODING	NM_168312.3		2246	NM_168312.3:484-1782	NP_729447.1	isoform B [Drosophila melanogaster]	432	arginine kinase, isoform B
39041	Argk	Arginine kinase	Drosophila melanogaster	fruit fly	7227	NT_037436.4:9048781-9066027	-	chr 3L	PROTEIN_CODING	NM_168313.4		2320	NM_168313.4:666-1856	NP_729448.1	isoform C [Drosophila melanogaster]	396	arginine kinase, isoform C
39041	Argk	Arginine kinase	Drosophila melanogaster	fruit fly	7227	NT_037436.4:9048781-9066027	-	chr 3L	PROTEIN_CODING	NM_001104085.2		1854	NM_001104085.2:331-1458	NP_001097555.1	isoform E [Drosophila melanogaster]	375	arginine kinase, isoform E
39041	Argk	Arginine kinase	Drosophila melanogaster	fruit fly	7227	NT_037436.4:9048781-9066027	-	chr 3L	PROTEIN_CODING	NM_168311.3		2415	NM_168311.3:331-2019	NP_729446.1	isoform A [Drosophila melanogaster]	562	arginine kinase, isoform A
39041	Argk	Arginine kinase	Drosophila melanogaster	fruit fly	7227	NT_037436.4:9048781-9066027	-	chr 3L	PROTEIN_CODING	NM_079264.3		1519	NM_079264.3:53-1123	NP_523988.2	isoform D [Drosophila melanogaster]	356	arginine kinase, isoform D
39041	Argk	Arginine kinase	Drosophila melanogaster	fruit fly	7227	NT_037436.4:9048781-9066027	-	chr 3L	PROTEIN_CODING	NM_001104086.2		2110	NM_001104086.2:644-1714	NP_001097556.2	isoform G [Drosophila melanogaster]	356	arginine kinase, isoform G
