gene_id	gene_symbol	description	scientific_name	common_name	tax_id	genomic_range	orientation	location	gene_type	transcript_accession	transcript_name	transcript_length	transcript_cds_coords	protein_accession	isoform_name	protein_length	protein_name
35135	ham	hamlet	Drosophila melanogaster	fruit fly	7227	NT_033779.5:18762874-18792906	-	chr 2L	PROTEIN_CODING	NM_001273614.1		4574	NM_001273614.1:982-3954	NP_001260543.1	isoform D [Drosophila melanogaster]	990	hamlet, isoform D
35135	ham	hamlet	Drosophila melanogaster	fruit fly	7227	NT_033779.5:18762874-18792906	-	chr 2L	PROTEIN_CODING	NM_001259152.1		4242	NM_001259152.1:650-3622	NP_001246081.1	isoform B [Drosophila melanogaster]	990	hamlet, isoform B
35135	ham	hamlet	Drosophila melanogaster	fruit fly	7227	NT_033779.5:18762874-18792906	-	chr 2L	PROTEIN_CODING	NM_001273616.1		4111	NM_001273616.1:297-3491	NP_001260545.2	isoform H [Drosophila melanogaster]	1064	hamlet, isoform H
35135	ham	hamlet	Drosophila melanogaster	fruit fly	7227	NT_033779.5:18762874-18792906	-	chr 2L	PROTEIN_CODING	NM_165262.3		4243	NM_165262.3:297-3623	NP_724130.4	isoform G [Drosophila melanogaster]	1108	hamlet, isoform G
35135	ham	hamlet	Drosophila melanogaster	fruit fly	7227	NT_033779.5:18762874-18792906	-	chr 2L	PROTEIN_CODING	NM_001273615.1		3207	NM_001273615.1:686-2587	NP_001260544.1	isoform E [Drosophila melanogaster]	633	hamlet, isoform E
