gene_id	gene_symbol	description	scientific_name	common_name	tax_id	genomic_range	orientation	location	gene_type	transcript_accession	transcript_name	transcript_length	transcript_cds_coords	protein_accession	isoform_name	protein_length	protein_name
40090	fz2	frizzled 2	Drosophila melanogaster	fruit fly	7227	NT_037436.4:19140975-19235373	-	chr 3L	PROTEIN_CODING	NM_001275109.1		5696	NM_001275109.1:385-2469	NP_001262038.1	isoform G [Drosophila melanogaster]	694	frizzled 2, isoform G
40090	fz2	frizzled 2	Drosophila melanogaster	fruit fly	7227	NT_037436.4:19140975-19235373	-	chr 3L	PROTEIN_CODING	NM_001104173.3		5113	NM_001104173.3:1060-3144	NP_001097643.1	isoform C [Drosophila melanogaster]	694	frizzled 2, isoform C
40090	fz2	frizzled 2	Drosophila melanogaster	fruit fly	7227	NT_037436.4:19140975-19235373	-	chr 3L	PROTEIN_CODING	NM_001275107.1		4345	NM_001275107.1:957-3041	NP_001262036.1	isoform E [Drosophila melanogaster]	694	frizzled 2, isoform E
40090	fz2	frizzled 2	Drosophila melanogaster	fruit fly	7227	NT_037436.4:19140975-19235373	-	chr 3L	PROTEIN_CODING	NM_001144499.3		4597	NM_001144499.3:1209-3293	NP_001137971.1	isoform D [Drosophila melanogaster]	694	frizzled 2, isoform D
40090	fz2	frizzled 2	Drosophila melanogaster	fruit fly	7227	NT_037436.4:19140975-19235373	-	chr 3L	PROTEIN_CODING	NM_168787.3		3839	NM_168787.3:451-2535	NP_730389.1	isoform B [Drosophila melanogaster]	694	frizzled 2, isoform B
40090	fz2	frizzled 2	Drosophila melanogaster	fruit fly	7227	NT_037436.4:19140975-19235373	-	chr 3L	PROTEIN_CODING	NM_001275108.2		4448	NM_001275108.2:1060-3480	NP_001262037.1	isoform F [Drosophila melanogaster]	806	frizzled 2, isoform F
40090	fz2	frizzled 2	Drosophila melanogaster	fruit fly	7227	NT_037436.4:19140975-19235373	-	chr 3L	PROTEIN_CODING	NM_079431.2		3673	NM_079431.2:285-2369	NP_524155.1	isoform A [Drosophila melanogaster]	694	frizzled 2, isoform A
