gene_id	gene_symbol	description	scientific_name	common_name	tax_id	genomic_range	orientation	location	gene_type	transcript_accession	transcript_name	transcript_length	transcript_cds_coords	protein_accession	isoform_name	protein_length	protein_name
35184	Lim3	Lim3	Drosophila melanogaster	fruit fly	7227	NT_033779.5:19079256-19108427	-	chr 2L	PROTEIN_CODING	NM_001259159.1		3643	NM_001259159.1:1136-2698	NP_001246088.1	isoform F [Drosophila melanogaster]	520	Lim3, isoform F
35184	Lim3	Lim3	Drosophila melanogaster	fruit fly	7227	NT_033779.5:19079256-19108427	-	chr 2L	PROTEIN_CODING	NM_165277.3		2677	NM_165277.3:170-1732	NP_724161.1	isoform B [Drosophila melanogaster]	520	Lim3, isoform B
35184	Lim3	Lim3	Drosophila melanogaster	fruit fly	7227	NT_033779.5:19079256-19108427	-	chr 2L	PROTEIN_CODING	NM_001259156.1		3001	NM_001259156.1:494-2056	NP_001246085.1	isoform C [Drosophila melanogaster]	520	Lim3, isoform C
35184	Lim3	Lim3	Drosophila melanogaster	fruit fly	7227	NT_033779.5:19079256-19108427	-	chr 2L	PROTEIN_CODING	NM_001259157.3		2712	NM_001259157.3:205-1767	NP_001246086.1	isoform D [Drosophila melanogaster]	520	Lim3, isoform D
35184	Lim3	Lim3	Drosophila melanogaster	fruit fly	7227	NT_033779.5:19079256-19108427	-	chr 2L	PROTEIN_CODING	NM_001273630.2		2712	NM_001273630.2:205-1872	NP_001260559.1	isoform G [Drosophila melanogaster]	555	Lim3, isoform G
35184	Lim3	Lim3	Drosophila melanogaster	fruit fly	7227	NT_033779.5:19079256-19108427	-	chr 2L	PROTEIN_CODING	NM_057258.5		2562	NM_057258.5:295-1617	NP_476606.1	isoform A [Drosophila melanogaster]	440	Lim3, isoform A
35184	Lim3	Lim3	Drosophila melanogaster	fruit fly	7227	NT_033779.5:19079256-19108427	-	chr 2L	PROTEIN_CODING	NM_001259158.3		2284	NM_001259158.3:122-1339	NP_001246087.1	isoform E [Drosophila melanogaster]	405	Lim3, isoform E
