gene_id	gene_symbol	description	scientific_name	common_name	tax_id	genomic_range	orientation	location	gene_type	transcript_accession	transcript_name	transcript_length	transcript_cds_coords	protein_accession	isoform_name	protein_length	protein_name
33418	Rab5	Rab5	Drosophila melanogaster	fruit fly	7227	NT_033779.5:2359142-2365273	-	chr 2L	PROTEIN_CODING	NM_164477.3		2491	NM_164477.3:567-1226	NP_722797.1	isoform C [Drosophila melanogaster]	219	Rab5, isoform C
33418	Rab5	Rab5	Drosophila melanogaster	fruit fly	7227	NT_033779.5:2359142-2365273	-	chr 2L	PROTEIN_CODING	NM_078733.4		2182	NM_078733.4:258-917	NP_523457.1	isoform E [Drosophila melanogaster]	219	Rab5, isoform E
33418	Rab5	Rab5	Drosophila melanogaster	fruit fly	7227	NT_033779.5:2359142-2365273	-	chr 2L	PROTEIN_CODING	NM_164476.2		1871	NM_164476.2:371-1030	NP_722796.1	isoform B [Drosophila melanogaster]	219	Rab5, isoform B
33418	Rab5	Rab5	Drosophila melanogaster	fruit fly	7227	NT_033779.5:2359142-2365273	-	chr 2L	PROTEIN_CODING	NM_164479.2		1719	NM_164479.2:223-882	NP_722799.1	isoform F [Drosophila melanogaster]	219	Rab5, isoform F
33418	Rab5	Rab5	Drosophila melanogaster	fruit fly	7227	NT_033779.5:2359142-2365273	-	chr 2L	PROTEIN_CODING	NM_001272997.1		1772	NM_001272997.1:276-935	NP_001259926.1	isoform H [Drosophila melanogaster]	219	Rab5, isoform H
33418	Rab5	Rab5	Drosophila melanogaster	fruit fly	7227	NT_033779.5:2359142-2365273	-	chr 2L	PROTEIN_CODING	NM_164478.2		1739	NM_164478.2:239-898	NP_722798.1	isoform D [Drosophila melanogaster]	219	Rab5, isoform D
33418	Rab5	Rab5	Drosophila melanogaster	fruit fly	7227	NT_033779.5:2359142-2365273	-	chr 2L	PROTEIN_CODING	NM_001272996.1		1785	NM_001272996.1:285-944	NP_001259925.1	isoform G [Drosophila melanogaster]	219	Rab5, isoform G
33418	Rab5	Rab5	Drosophila melanogaster	fruit fly	7227	NT_033779.5:2359142-2365273	-	chr 2L	PROTEIN_CODING	NM_164475.2		1765	NM_164475.2:265-924	NP_722795.1	isoform A [Drosophila melanogaster]	219	Rab5, isoform A
33418	Rab5	Rab5	Drosophila melanogaster	fruit fly	7227	NT_033779.5:2359142-2365273	-	chr 2L	PROTEIN_CODING	NM_001272998.1		1775	NM_001272998.1:275-934	NP_001259927.1	isoform I [Drosophila melanogaster]	219	Rab5, isoform I
