gene_id	gene_symbol	description	scientific_name	common_name	tax_id	genomic_range	orientation	location	gene_type	transcript_accession	transcript_name	transcript_length	transcript_cds_coords	protein_accession	isoform_name	protein_length	protein_name
42752	orb	oo18 RNA-binding protein	Drosophila melanogaster	fruit fly	7227	NT_033777.3:23260610-23280856	-	chr 3R	PROTEIN_CODING	NM_001275941.1		8899	NM_001275941.1:909-3656	NP_001262870.1	isoform G [Drosophila melanogaster]	915	oo18 RNA-binding protein, isoform G
42752	orb	oo18 RNA-binding protein	Drosophila melanogaster	fruit fly	7227	NT_033777.3:23260610-23280856	-	chr 3R	PROTEIN_CODING	NM_079736.3		4862	NM_079736.3:909-3656	NP_524460.2	isoform A [Drosophila melanogaster]	915	oo18 RNA-binding protein, isoform A
42752	orb	oo18 RNA-binding protein	Drosophila melanogaster	fruit fly	7227	NT_033777.3:23260610-23280856	-	chr 3R	PROTEIN_CODING	NM_170062.2		4251	NM_170062.2:304-3045	NP_732848.1	isoform B [Drosophila melanogaster]	913	oo18 RNA-binding protein, isoform B
42752	orb	oo18 RNA-binding protein	Drosophila melanogaster	fruit fly	7227	NT_033777.3:23260610-23280856	-	chr 3R	PROTEIN_CODING	NM_170064.2		2957	NM_170064.2:72-1751	NP_732850.1	isoform C [Drosophila melanogaster]	559	oo18 RNA-binding protein, isoform C
42752	orb	oo18 RNA-binding protein	Drosophila melanogaster	fruit fly	7227	NT_033777.3:23260610-23280856	-	chr 3R	PROTEIN_CODING	NM_170063.2		3258	NM_170063.2:304-3045	NP_732849.2	isoform D [Drosophila melanogaster]	913	oo18 RNA-binding protein, isoform D
42752	orb	oo18 RNA-binding protein	Drosophila melanogaster	fruit fly	7227	NT_033777.3:23260610-23280856	-	chr 3R	PROTEIN_CODING	NM_170065.2		1964	NM_170065.2:72-1751	NP_732851.2	isoform E [Drosophila melanogaster]	559	oo18 RNA-binding protein, isoform E
42752	orb	oo18 RNA-binding protein	Drosophila melanogaster	fruit fly	7227	NT_033777.3:23260610-23280856	-	chr 3R	PROTEIN_CODING	NM_001170228.1		3079	NM_001170228.1:1027-2880	NP_001163699.1	isoform F [Drosophila melanogaster]	617	oo18 RNA-binding protein, isoform F
