gene_id	gene_symbol	description	scientific_name	common_name	tax_id	genomic_range	orientation	location	gene_type	transcript_accession	transcript_name	transcript_length	transcript_cds_coords	protein_accession	isoform_name	protein_length	protein_name
33003	pico	pico	Drosophila melanogaster	fruit fly	7227	NC_004354.4:19830215-19852059	-	chr X	PROTEIN_CODING	NM_167686.3		6790	NM_167686.3:647-3751	NP_728307.1	isoform B [Drosophila melanogaster]	1034	pico, isoform B
33003	pico	pico	Drosophila melanogaster	fruit fly	7227	NC_004354.4:19830215-19852059	-	chr X	PROTEIN_CODING	NM_134519.3		6183	NM_134519.3:1048-4536	NP_608363.1	isoform A [Drosophila melanogaster]	1162	pico, isoform A
33003	pico	pico	Drosophila melanogaster	fruit fly	7227	NC_004354.4:19830215-19852059	-	chr X	PROTEIN_CODING	NM_001201745.1		5095	NM_001201745.1:107-3448	NP_001188674.1	isoform C [Drosophila melanogaster]	1113	pico, isoform C
33003	pico	pico	Drosophila melanogaster	fruit fly	7227	NC_004354.4:19830215-19852059	-	chr X	PROTEIN_CODING	NM_001201746.1		5135	NM_001201746.1:384-3488	NP_001188675.1	isoform D [Drosophila melanogaster]	1034	pico, isoform D
