gene_id	gene_symbol	description	scientific_name	common_name	tax_id	genomic_range	orientation	location	gene_type	transcript_accession	transcript_name	transcript_length	transcript_cds_coords	protein_accession	isoform_name	protein_length	protein_name
38337	Fife	fife	Drosophila melanogaster	fruit fly	7227	NT_037436.4:2655415-2711690	-	chr 3L	PROTEIN_CODING	NM_001274411.1		6995	NM_001274411.1:985-4929	NP_001261340.1	isoform D [Drosophila melanogaster]	1314	fife, isoform D
38337	Fife	fife	Drosophila melanogaster	fruit fly	7227	NT_037436.4:2655415-2711690	-	chr 3L	PROTEIN_CODING	NM_001274409.2		7459	NM_001274409.2:985-3894	NP_001261338.1	isoform B [Drosophila melanogaster]	969	fife, isoform B
38337	Fife	fife	Drosophila melanogaster	fruit fly	7227	NT_037436.4:2655415-2711690	-	chr 3L	PROTEIN_CODING	NM_139485.2		5125	NM_139485.2:979-2910	NP_647742.1	isoform G [Drosophila melanogaster]	643	fife, isoform G
38337	Fife	fife	Drosophila melanogaster	fruit fly	7227	NT_037436.4:2655415-2711690	-	chr 3L	PROTEIN_CODING	NM_001274410.1		5131	NM_001274410.1:985-2916	NP_001261339.1	isoform F [Drosophila melanogaster]	643	fife, isoform F
