gene_id	gene_symbol	description	scientific_name	common_name	tax_id	genomic_range	orientation	location	gene_type	transcript_accession	transcript_name	transcript_length	transcript_cds_coords	protein_accession	isoform_name	protein_length	protein_name
42203	PKD	Protein Kinase D	Drosophila melanogaster	fruit fly	7227	NT_033777.3:18303279-18314407	-	chr 3R	PROTEIN_CODING	NM_142453.4		3744	NM_142453.4:647-3157	NP_650710.3	isoform A [Drosophila melanogaster]	836	protein kinase D, isoform A
42203	PKD	Protein Kinase D	Drosophila melanogaster	fruit fly	7227	NT_033777.3:18303279-18314407	-	chr 3R	PROTEIN_CODING	NM_001144602.2		3611	NM_001144602.2:514-3024	NP_001138074.1	isoform E [Drosophila melanogaster]	836	protein kinase D, isoform E
42203	PKD	Protein Kinase D	Drosophila melanogaster	fruit fly	7227	NT_033777.3:18303279-18314407	-	chr 3R	PROTEIN_CODING	NM_169803.4		3634	NM_169803.4:537-3047	NP_732325.3	isoform B [Drosophila melanogaster]	836	protein kinase D, isoform B
42203	PKD	Protein Kinase D	Drosophila melanogaster	fruit fly	7227	NT_033777.3:18303279-18314407	-	chr 3R	PROTEIN_CODING	NM_001275776.1		3634	NM_001275776.1:537-3257	NP_001262705.1	isoform G [Drosophila melanogaster]	906	protein kinase D, isoform G
42203	PKD	Protein Kinase D	Drosophila melanogaster	fruit fly	7227	NT_033777.3:18303279-18314407	-	chr 3R	PROTEIN_CODING	NM_001275775.1		3708	NM_001275775.1:611-3121	NP_001262704.1	isoform F [Drosophila melanogaster]	836	protein kinase D, isoform F
42203	PKD	Protein Kinase D	Drosophila melanogaster	fruit fly	7227	NT_033777.3:18303279-18314407	-	chr 3R	PROTEIN_CODING	NM_169804.4		3643	NM_169804.4:546-3056	NP_732326.3	isoform C [Drosophila melanogaster]	836	protein kinase D, isoform C
42203	PKD	Protein Kinase D	Drosophila melanogaster	fruit fly	7227	NT_033777.3:18303279-18314407	-	chr 3R	PROTEIN_CODING	NM_169805.4		3662	NM_169805.4:565-3075	NP_732327.3	isoform D [Drosophila melanogaster]	836	protein kinase D, isoform D
42203	PKD	Protein Kinase D	Drosophila melanogaster	fruit fly	7227	NT_033777.3:18303279-18314407	-	chr 3R	PROTEIN_CODING	NM_001275778.1		1537	NM_001275778.1:647-1285	NP_001262707.1	isoform I [Drosophila melanogaster]	212	protein kinase D, isoform I
42203	PKD	Protein Kinase D	Drosophila melanogaster	fruit fly	7227	NT_033777.3:18303279-18314407	-	chr 3R	PROTEIN_CODING	NM_001275777.1		1427	NM_001275777.1:537-1175	NP_001262706.1	isoform H [Drosophila melanogaster]	212	protein kinase D, isoform H
