gene_id	gene_symbol	description	scientific_name	common_name	tax_id	genomic_range	orientation	location	gene_type	transcript_accession	transcript_name	transcript_length	transcript_cds_coords	protein_accession	isoform_name	protein_length	protein_name
33048	RhoGAP19D	Rho GTPase activating protein at 19D	Drosophila melanogaster	fruit fly	7227	NC_004354.4:20469955-20510694	-	chr X	PROTEIN_CODING	NM_001169338.2		9211	NM_001169338.2:803-7132	NP_001162809.1	isoform B [Drosophila melanogaster]	2109	Rho GTPase activating protein at 19D, isoform B
33048	RhoGAP19D	Rho GTPase activating protein at 19D	Drosophila melanogaster	fruit fly	7227	NC_004354.4:20469955-20510694	-	chr X	PROTEIN_CODING	NM_001258851.1		9289	NM_001258851.1:803-7210	NP_001245780.1	isoform C [Drosophila melanogaster]	2135	Rho GTPase activating protein at 19D, isoform C
33048	RhoGAP19D	Rho GTPase activating protein at 19D	Drosophila melanogaster	fruit fly	7227	NC_004354.4:20469955-20510694	-	chr X	PROTEIN_CODING	NM_001298567.1		9502	NM_001298567.1:803-7423	NP_001285496.1	isoform D [Drosophila melanogaster]	2206	Rho GTPase activating protein at 19D, isoform D
33048	RhoGAP19D	Rho GTPase activating protein at 19D	Drosophila melanogaster	fruit fly	7227	NC_004354.4:20469955-20510694	-	chr X	PROTEIN_CODING	NM_001298568.1		8804	NM_001298568.1:318-6725	NP_001285497.1	isoform E [Drosophila melanogaster]	2135	Rho GTPase activating protein at 19D, isoform E
33048	RhoGAP19D	Rho GTPase activating protein at 19D	Drosophila melanogaster	fruit fly	7227	NC_004354.4:20469955-20510694	-	chr X	PROTEIN_CODING	NM_134552.6		7735	NM_134552.6:803-7348	NP_608396.2	isoform A [Drosophila melanogaster]	2181	Rho GTPase activating protein at 19D, isoform A
