gene_id	gene_symbol	description	scientific_name	common_name	tax_id	genomic_range	orientation	location	gene_type	transcript_accession	transcript_name	transcript_length	transcript_cds_coords	protein_accession	isoform_name	protein_length	protein_name
40414	CG11247	uncharacterized protein	Drosophila melanogaster	fruit fly	7227	NT_037436.4:21724326-21728806	-	chr 3L	PROTEIN_CODING	NM_141094.5		2803	NM_141094.5:662-2230	NP_649351.2	isoform A [Drosophila melanogaster]	522	uncharacterized protein, isoform A
40414	CG11247	uncharacterized protein	Drosophila melanogaster	fruit fly	7227	NT_037436.4:21724326-21728806	-	chr 3L	PROTEIN_CODING	NM_001104189.2		2564	NM_001104189.2:423-1991	NP_001097659.1	isoform C [Drosophila melanogaster]	522	uncharacterized protein, isoform C
40414	CG11247	uncharacterized protein	Drosophila melanogaster	fruit fly	7227	NT_037436.4:21724326-21728806	-	chr 3L	PROTEIN_CODING	NM_001275260.1		2518	NM_001275260.1:965-1945	NP_001262189.1	isoform D [Drosophila melanogaster]	326	uncharacterized protein, isoform D
40414	CG11247	uncharacterized protein	Drosophila melanogaster	fruit fly	7227	NT_037436.4:21724326-21728806	-	chr 3L	PROTEIN_CODING	NM_168936.3		2728	NM_168936.3:587-2155	NP_730680.1	isoform B [Drosophila melanogaster]	522	uncharacterized protein, isoform B
