gene_id	gene_symbol	description	scientific_name	common_name	tax_id	genomic_range	orientation	location	gene_type	transcript_accession	transcript_name	transcript_length	transcript_cds_coords	protein_accession	isoform_name	protein_length	protein_name
34274	jp	junctophilin	Drosophila melanogaster	fruit fly	7227	NT_033779.5:9547720-9566750	-	chr 2L	PROTEIN_CODING	NM_164858.2		5802	NM_164858.2:779-3943	NP_723468.1	isoform B [Drosophila melanogaster]	1054	junctophilin, isoform B
34274	jp	junctophilin	Drosophila melanogaster	fruit fly	7227	NT_033779.5:9547720-9566750	-	chr 2L	PROTEIN_CODING	NM_078801.6		5381	NM_078801.6:896-4060	NP_523525.2	isoform A [Drosophila melanogaster]	1054	junctophilin, isoform A
34274	jp	junctophilin	Drosophila melanogaster	fruit fly	7227	NT_033779.5:9547720-9566750	-	chr 2L	PROTEIN_CODING	NM_001382120.1		5935	NM_001382120.1:1450-4614	NP_001369124.1	isoform F [Drosophila melanogaster]	1054	junctophilin, isoform F
34274	jp	junctophilin	Drosophila melanogaster	fruit fly	7227	NT_033779.5:9547720-9566750	-	chr 2L	PROTEIN_CODING	NM_001201829.2		4976	NM_001201829.2:491-3655	NP_001188758.1	isoform E [Drosophila melanogaster]	1054	junctophilin, isoform E
34274	jp	junctophilin	Drosophila melanogaster	fruit fly	7227	NT_033779.5:9547720-9566750	-	chr 2L	PROTEIN_CODING	NM_001103663.1		2148	NM_001103663.1:438-827	NP_001097133.1	isoform C [Drosophila melanogaster]	129	junctophilin, isoform C
34274	jp	junctophilin	Drosophila melanogaster	fruit fly	7227	NT_033779.5:9547720-9566750	-	chr 2L	PROTEIN_CODING	NM_001201828.2		4284	NM_001201828.2:555-3719	NP_001188757.1	isoform D [Drosophila melanogaster]	1054	junctophilin, isoform D
