gene_id	gene_symbol	description	scientific_name	common_name	tax_id	genomic_range	orientation	location	gene_type	transcript_accession	transcript_name	transcript_length	transcript_cds_coords	protein_accession	isoform_name	protein_length	protein_name
43844	Sox102F	Sox102F	Drosophila melanogaster	fruit fly	7227	NC_004353.4:800436-834393	-	chr 4	PROTEIN_CODING	NM_001014695.2		3804	NM_001014695.2:1101-2957	NP_001014695.1	isoform B [Drosophila melanogaster]	618	Sox102F, isoform B
43844	Sox102F	Sox102F	Drosophila melanogaster	fruit fly	7227	NC_004353.4:800436-834393	-	chr 4	PROTEIN_CODING	NM_166792.2		2767	NM_166792.2:178-1920	NP_726612.1	isoform A [Drosophila melanogaster]	580	Sox102F, isoform A
43844	Sox102F	Sox102F	Drosophila melanogaster	fruit fly	7227	NC_004353.4:800436-834393	-	chr 4	PROTEIN_CODING	NM_001272145.1		2902	NM_001272145.1:313-2055	NP_001259074.1	isoform D [Drosophila melanogaster]	580	Sox102F, isoform D
43844	Sox102F	Sox102F	Drosophila melanogaster	fruit fly	7227	NC_004353.4:800436-834393	-	chr 4	PROTEIN_CODING	NM_001272144.1		2840	NM_001272144.1:251-1993	NP_001259073.1	isoform C [Drosophila melanogaster]	580	Sox102F, isoform C
