gene_id	gene_symbol	description	scientific_name	common_name	tax_id	genomic_range	orientation	location	gene_type	transcript_accession	transcript_name	transcript_length	transcript_cds_coords	protein_accession	isoform_name	protein_length	protein_name
35047	dl	dorsal	Drosophila melanogaster	fruit fly	7227	NT_033779.5:17436830-17450364	-	chr 2L	PROTEIN_CODING	NM_165217.3		2489	NM_165217.3:238-2271	NP_724052.1	isoform A [Drosophila melanogaster]	677	dorsal, isoform A
35047	dl	dorsal	Drosophila melanogaster	fruit fly	7227	NT_033779.5:17436830-17450364	-	chr 2L	PROTEIN_CODING	NM_165218.3		2833	NM_165218.3:582-2615	NP_724053.1	isoform B [Drosophila melanogaster]	677	dorsal, isoform B
35047	dl	dorsal	Drosophila melanogaster	fruit fly	7227	NT_033779.5:17436830-17450364	-	chr 2L	PROTEIN_CODING	NM_001169530.1		2504	NM_001169530.1:253-2286	NP_001163001.1	isoform E [Drosophila melanogaster]	677	dorsal, isoform E
35047	dl	dorsal	Drosophila melanogaster	fruit fly	7227	NT_033779.5:17436830-17450364	-	chr 2L	PROTEIN_CODING	NM_001169529.1		2590	NM_001169529.1:339-2372	NP_001163000.1	isoform D [Drosophila melanogaster]	677	dorsal, isoform D
35047	dl	dorsal	Drosophila melanogaster	fruit fly	7227	NT_033779.5:17436830-17450364	-	chr 2L	PROTEIN_CODING	NM_165219.2		4724	NM_165219.2:582-3581	NP_724054.1	isoform C [Drosophila melanogaster]	999	dorsal, isoform C
35047	dl	dorsal	Drosophila melanogaster	fruit fly	7227	NT_033779.5:17436830-17450364	-	chr 2L	PROTEIN_CODING	NM_001299085.1		4481	NM_001299085.1:339-3338	NP_001286014.1	isoform F [Drosophila melanogaster]	999	dorsal, isoform F
