gene_id	gene_symbol	description	scientific_name	common_name	tax_id	genomic_range	orientation	location	gene_type	transcript_accession	transcript_name	transcript_length	transcript_cds_coords	protein_accession	isoform_name	protein_length	protein_name
35929	CG18659	uncharacterized protein	Drosophila melanogaster	fruit fly	7227	NT_033778.4:9123304-9132030	-	chr 2R	PROTEIN_CODING	NM_001259287.2		3759	NM_001259287.2:532-1839	NP_001246216.2	isoform H [Drosophila melanogaster]	435	uncharacterized protein, isoform H
35929	CG18659	uncharacterized protein	Drosophila melanogaster	fruit fly	7227	NT_033778.4:9123304-9132030	-	chr 2R	PROTEIN_CODING	NM_001201961.2		3486	NM_001201961.2:395-3088	NP_001188890.1	isoform C [Drosophila melanogaster]	897	uncharacterized protein, isoform C
35929	CG18659	uncharacterized protein	Drosophila melanogaster	fruit fly	7227	NT_033778.4:9123304-9132030	-	chr 2R	PROTEIN_CODING	NM_001259289.2		3816	NM_001259289.2:395-2218	NP_001246218.1	isoform F [Drosophila melanogaster]	607	uncharacterized protein, isoform F
35929	CG18659	uncharacterized protein	Drosophila melanogaster	fruit fly	7227	NT_033778.4:9123304-9132030	-	chr 2R	PROTEIN_CODING	NM_001201962.2		3042	NM_001201962.2:395-2644	NP_001188891.1	isoform D [Drosophila melanogaster]	749	uncharacterized protein, isoform D
35929	CG18659	uncharacterized protein	Drosophila melanogaster	fruit fly	7227	NT_033778.4:9123304-9132030	-	chr 2R	PROTEIN_CODING	NM_136614.6		3513	NM_136614.6:395-3115	NP_610458.2	isoform I [Drosophila melanogaster]	906	uncharacterized protein, isoform I
35929	CG18659	uncharacterized protein	Drosophila melanogaster	fruit fly	7227	NT_033778.4:9123304-9132030	-	chr 2R	PROTEIN_CODING	NM_145873.4		3519	NM_145873.4:395-3121	NP_665880.2	isoform A [Drosophila melanogaster]	908	uncharacterized protein, isoform A
35929	CG18659	uncharacterized protein	Drosophila melanogaster	fruit fly	7227	NT_033778.4:9123304-9132030	-	chr 2R	PROTEIN_CODING	NM_001259288.2		3655	NM_001259288.2:395-1702	NP_001246217.1	isoform E [Drosophila melanogaster]	435	uncharacterized protein, isoform E
