gene_id	gene_symbol	description	scientific_name	common_name	tax_id	genomic_range	orientation	location	gene_type	transcript_accession	transcript_name	transcript_length	transcript_cds_coords	protein_accession	isoform_name	protein_length	protein_name
39962	Eip74EF	Ecdysone-induced protein 74EF	Drosophila melanogaster	fruit fly	7227	NT_037436.4:17558672-17619325	-	chr 3L	PROTEIN_CODING	NM_001014590.2		6239	NM_001014590.2:490-3141	NP_001014590.1	isoform D [Drosophila melanogaster]	883	Ecdysone-induced protein 74EF, isoform D
39962	Eip74EF	Ecdysone-induced protein 74EF	Drosophila melanogaster	fruit fly	7227	NT_037436.4:17558672-17619325	-	chr 3L	PROTEIN_CODING	NM_168740.3		6012	NM_168740.3:1911-4400	NP_730287.1	isoform A [Drosophila melanogaster]	829	Ecdysone-induced protein 74EF, isoform A
39962	Eip74EF	Ecdysone-induced protein 74EF	Drosophila melanogaster	fruit fly	7227	NT_037436.4:17558672-17619325	-	chr 3L	PROTEIN_CODING	NM_168739.3		6012	NM_168739.3:1794-4400	NP_730286.3	isoform C [Drosophila melanogaster]	868	Ecdysone-induced protein 74EF, isoform C
39962	Eip74EF	Ecdysone-induced protein 74EF	Drosophila melanogaster	fruit fly	7227	NT_037436.4:17558672-17619325	-	chr 3L	PROTEIN_CODING	NM_001259887.2		6012	NM_001259887.2:1866-4400	NP_001246816.1	isoform E [Drosophila melanogaster]	844	Ecdysone-induced protein 74EF, isoform E
39962	Eip74EF	Ecdysone-induced protein 74EF	Drosophila melanogaster	fruit fly	7227	NT_037436.4:17558672-17619325	-	chr 3L	PROTEIN_CODING	NM_168741.2		5059	NM_168741.2:796-3447	NP_730288.1	isoform B [Drosophila melanogaster]	883	Ecdysone-induced protein 74EF, isoform B
