gene_id	gene_symbol	description	scientific_name	common_name	tax_id	genomic_range	orientation	location	gene_type	transcript_accession	transcript_name	transcript_length	transcript_cds_coords	protein_accession	isoform_name	protein_length	protein_name
36105	Cyp49a1	Cyp49a1	Drosophila melanogaster	fruit fly	7227	NT_033778.4:10449350-10458892	-	chr 2R	PROTEIN_CODING	NM_136744.4		2351	NM_136744.4:245-2014	NP_610588.2	isoform A [Drosophila melanogaster]	589	Cyp49a1, isoform A
36105	Cyp49a1	Cyp49a1	Drosophila melanogaster	fruit fly	7227	NT_033778.4:10449350-10458892	-	chr 2R	PROTEIN_CODING	NM_001259327.2		2591	NM_001259327.2:485-2254	NP_001246256.1	isoform E [Drosophila melanogaster]	589	Cyp49a1, isoform E
36105	Cyp49a1	Cyp49a1	Drosophila melanogaster	fruit fly	7227	NT_033778.4:10449350-10458892	-	chr 2R	PROTEIN_CODING	NM_206081.2		2297	NM_206081.2:191-1960	NP_995803.1	isoform D [Drosophila melanogaster]	589	Cyp49a1, isoform D
36105	Cyp49a1	Cyp49a1	Drosophila melanogaster	fruit fly	7227	NT_033778.4:10449350-10458892	-	chr 2R	PROTEIN_CODING	NM_165774.3		1656	NM_165774.3:72-1319	NP_724937.1	isoform C [Drosophila melanogaster]	415	Cyp49a1, isoform C
