gene_id	gene_symbol	description	scientific_name	common_name	tax_id	genomic_range	orientation	location	gene_type	transcript_accession	transcript_name	transcript_length	transcript_cds_coords	protein_accession	isoform_name	protein_length	protein_name
31612	CG3168	uncharacterized protein	Drosophila melanogaster	fruit fly	7227	NC_004354.4:6720004-6739986	-	chr X	PROTEIN_CODING	NM_001298031.1		3762	NM_001298031.1:316-2214	NP_001284960.1	isoform G [Drosophila melanogaster]	632	uncharacterized protein, isoform G
31612	CG3168	uncharacterized protein	Drosophila melanogaster	fruit fly	7227	NC_004354.4:6720004-6739986	-	chr X	PROTEIN_CODING	NM_167086.2		3610	NM_167086.2:635-2533	NP_727117.1	isoform C [Drosophila melanogaster]	632	uncharacterized protein, isoform C
31612	CG3168	uncharacterized protein	Drosophila melanogaster	fruit fly	7227	NC_004354.4:6720004-6739986	-	chr X	PROTEIN_CODING	NM_001298028.1		3808	NM_001298028.1:833-2731	NP_001284957.1	isoform D [Drosophila melanogaster]	632	uncharacterized protein, isoform D
31612	CG3168	uncharacterized protein	Drosophila melanogaster	fruit fly	7227	NC_004354.4:6720004-6739986	-	chr X	PROTEIN_CODING	NM_132117.2		3291	NM_132117.2:316-2214	NP_572345.1	isoform A [Drosophila melanogaster]	632	uncharacterized protein, isoform A
31612	CG3168	uncharacterized protein	Drosophila melanogaster	fruit fly	7227	NC_004354.4:6720004-6739986	-	chr X	PROTEIN_CODING	NM_001298029.1		3375	NM_001298029.1:400-2298	NP_001284958.1	isoform E [Drosophila melanogaster]	632	uncharacterized protein, isoform E
31612	CG3168	uncharacterized protein	Drosophila melanogaster	fruit fly	7227	NC_004354.4:6720004-6739986	-	chr X	PROTEIN_CODING	NM_167085.3		3243	NM_167085.3:268-2166	NP_727116.1	isoform B [Drosophila melanogaster]	632	uncharacterized protein, isoform B
31612	CG3168	uncharacterized protein	Drosophila melanogaster	fruit fly	7227	NC_004354.4:6720004-6739986	-	chr X	PROTEIN_CODING	NM_001298030.1		3743	NM_001298030.1:768-2666	NP_001284959.1	isoform F [Drosophila melanogaster]	632	uncharacterized protein, isoform F
