gene_id	gene_symbol	description	scientific_name	common_name	tax_id	genomic_range	orientation	location	gene_type	transcript_accession	transcript_name	transcript_length	transcript_cds_coords	protein_accession	isoform_name	protein_length	protein_name
35260	CG10462	uncharacterized protein	Drosophila melanogaster	fruit fly	7227	NT_033779.5:19732080-19735980	-	chr 2L	PROTEIN_CODING	NM_001259167.2		3151	NM_001259167.2:145-2580	NP_001246096.1	isoform D [Drosophila melanogaster]	811	uncharacterized protein, isoform D
35260	CG10462	uncharacterized protein	Drosophila melanogaster	fruit fly	7227	NT_033779.5:19732080-19735980	-	chr 2L	PROTEIN_CODING	NM_001273669.1		3148	NM_001273669.1:145-2577	NP_001260598.1	isoform E [Drosophila melanogaster]	810	uncharacterized protein, isoform E
35260	CG10462	uncharacterized protein	Drosophila melanogaster	fruit fly	7227	NT_033779.5:19732080-19735980	-	chr 2L	PROTEIN_CODING	NM_136152.4		3154	NM_136152.4:145-2583	NP_609996.2	isoform A [Drosophila melanogaster]	812	uncharacterized protein, isoform A
35260	CG10462	uncharacterized protein	Drosophila melanogaster	fruit fly	7227	NT_033779.5:19732080-19735980	-	chr 2L	PROTEIN_CODING	NM_001038826.3		3287	NM_001038826.3:386-2716	NP_001033915.1	isoform B [Drosophila melanogaster]	776	uncharacterized protein, isoform B
35260	CG10462	uncharacterized protein	Drosophila melanogaster	fruit fly	7227	NT_033779.5:19732080-19735980	-	chr 2L	PROTEIN_CODING	NM_001273670.1		3024	NM_001273670.1:126-2453	NP_001260599.1	isoform F [Drosophila melanogaster]	775	uncharacterized protein, isoform F
35260	CG10462	uncharacterized protein	Drosophila melanogaster	fruit fly	7227	NT_033779.5:19732080-19735980	-	chr 2L	PROTEIN_CODING	NM_001038825.3		3027	NM_001038825.3:126-2456	NP_001033914.1	isoform C [Drosophila melanogaster]	776	uncharacterized protein, isoform C
