gene_id	gene_symbol	description	scientific_name	common_name	tax_id	genomic_range	orientation	location	gene_type	transcript_accession	transcript_name	transcript_length	transcript_cds_coords	protein_accession	isoform_name	protein_length	protein_name
31107	Nmdar2	NMDA receptor 2	Drosophila melanogaster	fruit fly	7227	NC_004354.4:1483625-1507809	-	chr X	PROTEIN_CODING	NM_001297859.1		6775	NM_001297859.1:603-3851	NP_001284788.1	isoform G [Drosophila melanogaster]	1082	NMDA receptor 2, isoform G
31107	Nmdar2	NMDA receptor 2	Drosophila melanogaster	fruit fly	7227	NC_004354.4:1483625-1507809	-	chr X	PROTEIN_CODING	NM_001014715.2		3470	NM_001014715.2:439-3147	NP_001014715.1	isoform B [Drosophila melanogaster]	902	NMDA receptor 2, isoform B
31107	Nmdar2	NMDA receptor 2	Drosophila melanogaster	fruit fly	7227	NC_004354.4:1483625-1507809	-	chr X	PROTEIN_CODING	NM_001014714.2		4176	NM_001014714.2:602-3853	NP_001014714.1	isoform C [Drosophila melanogaster]	1083	NMDA receptor 2, isoform C
31107	Nmdar2	NMDA receptor 2	Drosophila melanogaster	fruit fly	7227	NC_004354.4:1483625-1507809	-	chr X	PROTEIN_CODING	NM_001169164.1		3184	NM_001169164.1:153-2861	NP_001162635.1	isoform D [Drosophila melanogaster]	902	NMDA receptor 2, isoform D
31107	Nmdar2	NMDA receptor 2	Drosophila melanogaster	fruit fly	7227	NC_004354.4:1483625-1507809	-	chr X	PROTEIN_CODING	NM_001014716.2		3127	NM_001014716.2:96-2804	NP_001014716.1	isoform A [Drosophila melanogaster]	902	NMDA receptor 2, isoform A
31107	Nmdar2	NMDA receptor 2	Drosophila melanogaster	fruit fly	7227	NC_004354.4:1483625-1507809	-	chr X	PROTEIN_CODING	NM_001169165.1		3194	NM_001169165.1:46-2871	NP_001162636.1	isoform E [Drosophila melanogaster]	941	NMDA receptor 2, isoform E
31107	Nmdar2	NMDA receptor 2	Drosophila melanogaster	fruit fly	7227	NC_004354.4:1483625-1507809	-	chr X	PROTEIN_CODING	NM_001169166.1		4837	NM_001169166.1:603-3815	NP_001162637.1	isoform F [Drosophila melanogaster]	1070	NMDA receptor 2, isoform F
