gene_id	gene_symbol	description	scientific_name	common_name	tax_id	genomic_range	orientation	location	gene_type	transcript_accession	transcript_name	transcript_length	transcript_cds_coords	protein_accession	isoform_name	protein_length	protein_name
44653	wech	wech	Drosophila melanogaster	fruit fly	7227	NT_033778.4:7478853-7489823	-	chr 2R	PROTEIN_CODING	NM_165534.3		7593	NM_165534.3:554-3052	NP_724568.1	isoform C [Drosophila melanogaster]	832	wech, isoform C
44653	wech	wech	Drosophila melanogaster	fruit fly	7227	NT_033778.4:7478853-7489823	-	chr 2R	PROTEIN_CODING	NM_001144142.3		6021	NM_001144142.3:224-2722	NP_001137614.1	isoform D [Drosophila melanogaster]	832	wech, isoform D
44653	wech	wech	Drosophila melanogaster	fruit fly	7227	NT_033778.4:7478853-7489823	-	chr 2R	PROTEIN_CODING	NM_080033.4		4495	NM_080033.4:479-2977	NP_524772.2	isoform A [Drosophila melanogaster]	832	wech, isoform A
44653	wech	wech	Drosophila melanogaster	fruit fly	7227	NT_033778.4:7478853-7489823	-	chr 2R	PROTEIN_CODING	NM_001144143.2		4316	NM_001144143.2:300-2798	NP_001137615.1	isoform E [Drosophila melanogaster]	832	wech, isoform E
44653	wech	wech	Drosophila melanogaster	fruit fly	7227	NT_033778.4:7478853-7489823	-	chr 2R	PROTEIN_CODING	NM_165533.3		3290	NM_165533.3:554-3052	NP_724567.1	isoform B [Drosophila melanogaster]	832	wech, isoform B
