gene_id	gene_symbol	description	scientific_name	common_name	tax_id	genomic_range	orientation	location	gene_type	transcript_accession	transcript_name	transcript_length	transcript_cds_coords	protein_accession	isoform_name	protein_length	protein_name
39999	Eip75B	Ecdysone-induced protein 75B	Drosophila melanogaster	fruit fly	7227	NT_037436.4:17950953-18064696	-	chr 3L	PROTEIN_CODING	NM_001259893.2		8236	NM_001259893.2:1310-5548	NP_001246822.1	isoform F [Drosophila melanogaster]	1412	Ecdysone-induced protein 75B, isoform F
39999	Eip75B	Ecdysone-induced protein 75B	Drosophila melanogaster	fruit fly	7227	NT_037436.4:17950953-18064696	-	chr 3L	PROTEIN_CODING	NM_168756.2		5769	NM_168756.2:691-4290	NP_730322.1	isoform C [Drosophila melanogaster]	1199	Ecdysone-induced protein 75B, isoform C
39999	Eip75B	Ecdysone-induced protein 75B	Drosophila melanogaster	fruit fly	7227	NT_037436.4:17950953-18064696	-	chr 3L	PROTEIN_CODING	NM_079409.3		6077	NM_079409.3:531-4598	NP_524133.2	isoform A [Drosophila melanogaster]	1355	Ecdysone-induced protein 75B, isoform A
39999	Eip75B	Ecdysone-induced protein 75B	Drosophila melanogaster	fruit fly	7227	NT_037436.4:17950953-18064696	-	chr 3L	PROTEIN_CODING	NM_001259892.1		5849	NM_001259892.1:1328-5566	NP_001246821.1	isoform E [Drosophila melanogaster]	1412	Ecdysone-induced protein 75B, isoform E
39999	Eip75B	Ecdysone-induced protein 75B	Drosophila melanogaster	fruit fly	7227	NT_037436.4:17950953-18064696	-	chr 3L	PROTEIN_CODING	NM_168755.1		4536	NM_168755.1:15-4253	NP_730321.1	isoform B [Drosophila melanogaster]	1412	Ecdysone-induced protein 75B, isoform B
39999	Eip75B	Ecdysone-induced protein 75B	Drosophila melanogaster	fruit fly	7227	NT_037436.4:17950953-18064696	-	chr 3L	PROTEIN_CODING	NM_001316451.1		3876	NM_001316451.1:618-3593	NP_001303380.1	isoform G [Drosophila melanogaster]	991	Ecdysone-induced protein 75B, isoform G
39999	Eip75B	Ecdysone-induced protein 75B	Drosophila melanogaster	fruit fly	7227	NT_037436.4:17950953-18064696	-	chr 3L	PROTEIN_CODING	NM_168757.1		3750	NM_168757.1:747-3467	NP_730323.1	isoform D [Drosophila melanogaster]	906	Ecdysone-induced protein 75B, isoform D
