gene_id	gene_symbol	description	scientific_name	common_name	tax_id	genomic_range	orientation	location	gene_type	transcript_accession	transcript_name	transcript_length	transcript_cds_coords	protein_accession	isoform_name	protein_length	protein_name
326152	erm	earmuff	Drosophila melanogaster	fruit fly	7227	NT_033779.5:1950239-1970362	-	chr 2L	PROTEIN_CODING	NM_001272960.1		3051	NM_001272960.1:423-2234	NP_001259889.1	isoform B [Drosophila melanogaster]	603	earmuff, isoform B
326152	erm	earmuff	Drosophila melanogaster	fruit fly	7227	NT_033779.5:1950239-1970362	-	chr 2L	PROTEIN_CODING	NM_134787.3		2881	NM_134787.3:229-2064	NP_608631.1	isoform A [Drosophila melanogaster]	611	earmuff, isoform A
326152	erm	earmuff	Drosophila melanogaster	fruit fly	7227	NT_033779.5:1950239-1970362	-	chr 2L	PROTEIN_CODING	NM_001272961.1		2881	NM_001272961.1:229-2193	NP_001259890.1	isoform C [Drosophila melanogaster]	654	earmuff, isoform C
326152	erm	earmuff	Drosophila melanogaster	fruit fly	7227	NT_033779.5:1950239-1970362	-	chr 2L	PROTEIN_CODING	NM_001272962.1		2881	NM_001272962.1:229-2325	NP_001259891.2	isoform D [Drosophila melanogaster]	698	earmuff, isoform D
