gene_id	gene_symbol	description	scientific_name	common_name	tax_id	genomic_range	orientation	location	gene_type	transcript_accession	transcript_name	transcript_length	transcript_cds_coords	protein_accession	isoform_name	protein_length	protein_name
41955	Mhcl	Myosin heavy chain-like	Drosophila melanogaster	fruit fly	7227	NT_033777.3:16068523-16098761	-	chr 3R	PROTEIN_CODING	NM_169700.3		6686	NM_169700.3:164-6610	NP_732108.2	isoform A [Drosophila melanogaster]	2148	myosin heavy chain-like, isoform A
41955	Mhcl	Myosin heavy chain-like	Drosophila melanogaster	fruit fly	7227	NT_033777.3:16068523-16098761	-	chr 3R	PROTEIN_CODING	NM_169701.3		7418	NM_169701.3:164-6748	NP_732109.2	isoform B [Drosophila melanogaster]	2194	myosin heavy chain-like, isoform B
41955	Mhcl	Myosin heavy chain-like	Drosophila melanogaster	fruit fly	7227	NT_033777.3:16068523-16098761	-	chr 3R	PROTEIN_CODING	NM_001275694.1		3941	NM_001275694.1:524-3865	NP_001262623.1	isoform I [Drosophila melanogaster]	1113	myosin heavy chain-like, isoform I
41955	Mhcl	Myosin heavy chain-like	Drosophila melanogaster	fruit fly	7227	NT_033777.3:16068523-16098761	-	chr 3R	PROTEIN_CODING	NM_169703.1		4004	NM_169703.1:524-3928	NP_732111.1	isoform D [Drosophila melanogaster]	1134	myosin heavy chain-like, isoform D
41955	Mhcl	Myosin heavy chain-like	Drosophila melanogaster	fruit fly	7227	NT_033777.3:16068523-16098761	-	chr 3R	PROTEIN_CODING	NM_001043250.2		6782	NM_001043250.2:164-6646	NP_001036715.1	isoform G [Drosophila melanogaster]	2160	myosin heavy chain-like, isoform G
41955	Mhcl	Myosin heavy chain-like	Drosophila melanogaster	fruit fly	7227	NT_033777.3:16068523-16098761	-	chr 3R	PROTEIN_CODING	NM_001043251.2		6509	NM_001043251.2:602-6373	NP_001036716.1	isoform F [Drosophila melanogaster]	1923	myosin heavy chain-like, isoform F
41955	Mhcl	Myosin heavy chain-like	Drosophila melanogaster	fruit fly	7227	NT_033777.3:16068523-16098761	-	chr 3R	PROTEIN_CODING	NM_170650.4		2923	NM_170650.4:25-2787	NP_732110.2	isoform C [Drosophila melanogaster]	920	myosin heavy chain-like, isoform C
41955	Mhcl	Myosin heavy chain-like	Drosophila melanogaster	fruit fly	7227	NT_033777.3:16068523-16098761	-	chr 3R	PROTEIN_CODING	NM_001202304.1		2015	NM_001202304.1:278-1879	NP_001189233.1	isoform H [Drosophila melanogaster]	533	myosin heavy chain-like, isoform H
