gene_id	gene_symbol	description	scientific_name	common_name	tax_id	genomic_range	orientation	location	gene_type	transcript_accession	transcript_name	transcript_length	transcript_cds_coords	protein_accession	isoform_name	protein_length	protein_name
37480	HmgZ	HMG protein Z	Drosophila melanogaster	fruit fly	7227	NT_033778.4:21697488-21707861	-	chr 2R	PROTEIN_CODING	NM_166476.2		1184	NM_166476.2:215-550	NP_726106.1	isoform A [Drosophila melanogaster]	111	HMG protein Z, isoform A
37480	HmgZ	HMG protein Z	Drosophila melanogaster	fruit fly	7227	NT_033778.4:21697488-21707861	-	chr 2R	PROTEIN_CODING	NM_001299765.1		1188	NM_001299765.1:219-554	NP_001286694.1	isoform C [Drosophila melanogaster]	111	HMG protein Z, isoform C
37480	HmgZ	HMG protein Z	Drosophila melanogaster	fruit fly	7227	NT_033778.4:21697488-21707861	-	chr 2R	PROTEIN_CODING	NM_001299766.1		765	NM_001299766.1:298-633	NP_001286695.1	isoform D [Drosophila melanogaster]	111	HMG protein Z, isoform D
37480	HmgZ	HMG protein Z	Drosophila melanogaster	fruit fly	7227	NT_033778.4:21697488-21707861	-	chr 2R	PROTEIN_CODING	NM_166477.2		707	NM_166477.2:240-575	NP_726107.1	isoform B [Drosophila melanogaster]	111	HMG protein Z, isoform B
