gene_id	gene_symbol	description	scientific_name	common_name	tax_id	genomic_range	orientation	location	gene_type	transcript_accession	transcript_name	transcript_length	transcript_cds_coords	protein_accession	isoform_name	protein_length	protein_name
8674055	mgl	Megalin	Drosophila melanogaster	fruit fly	7227	NC_004354.4:9358496-9500129	-	chr X	PROTEIN_CODING	NM_001298124.1		16625	NM_001298124.1:498-14807	NP_001285053.1	isoform C [Drosophila melanogaster]	4769	megalin, isoform C
8674055	mgl	Megalin	Drosophila melanogaster	fruit fly	7227	NC_004354.4:9358496-9500129	-	chr X	PROTEIN_CODING	NM_001103454.3		15259	NM_001103454.3:486-14795	NP_001096924.2	isoform A [Drosophila melanogaster]	4769	megalin, isoform A
8674055	mgl	Megalin	Drosophila melanogaster	fruit fly	7227	NC_004354.4:9358496-9500129	-	chr X	PROTEIN_CODING	NM_132335.3		15229	NM_132335.3:456-14765	NP_572563.3	isoform E [Drosophila melanogaster]	4769	megalin, isoform E
8674055	mgl	Megalin	Drosophila melanogaster	fruit fly	7227	NC_004354.4:9358496-9500129	-	chr X	PROTEIN_CODING	NM_001298125.1		15850	NM_001298125.1:1077-15386	NP_001285054.1	isoform D [Drosophila melanogaster]	4769	megalin, isoform D
