gene_id	gene_symbol	description	scientific_name	common_name	tax_id	genomic_range	orientation	location	gene_type	transcript_accession	transcript_name	transcript_length	transcript_cds_coords	protein_accession	isoform_name	protein_length	protein_name
32537	Chc	Clathrin heavy chain	Drosophila melanogaster	fruit fly	7227	NC_004354.4:15827986-15835490	-	chr X	PROTEIN_CODING	NM_001103524.2		5577	NM_001103524.2:255-5291	NP_001096994.1	isoform F [Drosophila melanogaster]	1678	clathrin heavy chain, isoform F
32537	Chc	Clathrin heavy chain	Drosophila melanogaster	fruit fly	7227	NC_004354.4:15827986-15835490	-	chr X	PROTEIN_CODING	NM_001103523.2		5683	NM_001103523.2:361-5397	NP_001096993.1	isoform E [Drosophila melanogaster]	1678	clathrin heavy chain, isoform E
32537	Chc	Clathrin heavy chain	Drosophila melanogaster	fruit fly	7227	NC_004354.4:15827986-15835490	-	chr X	PROTEIN_CODING	NM_057694.3		5696	NM_057694.3:374-5410	NP_477042.1	isoform A [Drosophila melanogaster]	1678	clathrin heavy chain, isoform A
32537	Chc	Clathrin heavy chain	Drosophila melanogaster	fruit fly	7227	NC_004354.4:15827986-15835490	-	chr X	PROTEIN_CODING	NM_001298371.1		5788	NM_001298371.1:466-5502	NP_001285300.1	isoform G [Drosophila melanogaster]	1678	clathrin heavy chain, isoform G
32537	Chc	Clathrin heavy chain	Drosophila melanogaster	fruit fly	7227	NC_004354.4:15827986-15835490	-	chr X	PROTEIN_CODING	NM_206729.2		5734	NM_206729.2:412-5448	NP_996452.1	isoform C [Drosophila melanogaster]	1678	clathrin heavy chain, isoform C
32537	Chc	Clathrin heavy chain	Drosophila melanogaster	fruit fly	7227	NC_004354.4:15827986-15835490	-	chr X	PROTEIN_CODING	NM_206728.2		5793	NM_206728.2:471-5507	NP_996451.1	isoform D [Drosophila melanogaster]	1678	clathrin heavy chain, isoform D
32537	Chc	Clathrin heavy chain	Drosophila melanogaster	fruit fly	7227	NC_004354.4:15827986-15835490	-	chr X	PROTEIN_CODING	NM_167466.2		5653	NM_167466.2:331-5367	NP_727901.1	isoform B [Drosophila melanogaster]	1678	clathrin heavy chain, isoform B
