gene_id	gene_symbol	description	scientific_name	common_name	tax_id	genomic_range	orientation	location	gene_type	transcript_accession	transcript_name	transcript_length	transcript_cds_coords	protein_accession	isoform_name	protein_length	protein_name
32794	wupA	wings up A	Drosophila melanogaster	fruit fly	7227	NC_004354.4:18105568-18116922	-	chr X	PROTEIN_CODING	NM_167604.4		1257	NM_167604.4:238-864	NP_728138.1	isoform D [Drosophila melanogaster]	208	wings up A, isoform D
32794	wupA	wings up A	Drosophila melanogaster	fruit fly	7227	NC_004354.4:18105568-18116922	-	chr X	PROTEIN_CODING	NM_001272740.2		1345	NM_001272740.2:398-952	NP_001259669.1	isoform L [Drosophila melanogaster]	184	wings up A, isoform L
32794	wupA	wings up A	Drosophila melanogaster	fruit fly	7227	NC_004354.4:18105568-18116922	-	chr X	PROTEIN_CODING	NM_078674.4		1160	NM_078674.4:141-767	NP_523398.1	isoform C [Drosophila melanogaster]	208	wings up A, isoform C
32794	wupA	wings up A	Drosophila melanogaster	fruit fly	7227	NC_004354.4:18105568-18116922	-	chr X	PROTEIN_CODING	NM_167606.3		1160	NM_167606.3:141-767	NP_728140.1	isoform B [Drosophila melanogaster]	208	wings up A, isoform B
32794	wupA	wings up A	Drosophila melanogaster	fruit fly	7227	NC_004354.4:18105568-18116922	-	chr X	PROTEIN_CODING	NM_167607.3		1160	NM_167607.3:141-767	NP_728141.1	isoform A [Drosophila melanogaster]	208	wings up A, isoform A
32794	wupA	wings up A	Drosophila melanogaster	fruit fly	7227	NC_004354.4:18105568-18116922	-	chr X	PROTEIN_CODING	NM_167608.3		1343	NM_167608.3:141-950	NP_728142.1	isoform G [Drosophila melanogaster]	269	wings up A, isoform G
32794	wupA	wings up A	Drosophila melanogaster	fruit fly	7227	NC_004354.4:18105568-18116922	-	chr X	PROTEIN_CODING	NM_001272741.1		1347	NM_001272741.1:400-954	NP_001259670.1	isoform M [Drosophila melanogaster]	184	wings up A, isoform M
32794	wupA	wings up A	Drosophila melanogaster	fruit fly	7227	NC_004354.4:18105568-18116922	-	chr X	PROTEIN_CODING	NM_001272739.1		1159	NM_001272739.1:212-766	NP_001259668.1	isoform K [Drosophila melanogaster]	184	wings up A, isoform K
32794	wupA	wings up A	Drosophila melanogaster	fruit fly	7227	NC_004354.4:18105568-18116922	-	chr X	PROTEIN_CODING	NM_167603.3		1129	NM_167603.3:110-736	NP_728137.1	isoform F [Drosophila melanogaster]	208	wings up A, isoform F
32794	wupA	wings up A	Drosophila melanogaster	fruit fly	7227	NC_004354.4:18105568-18116922	-	chr X	PROTEIN_CODING	NM_167605.3		1129	NM_167605.3:110-736	NP_728139.1	isoform E [Drosophila melanogaster]	208	wings up A, isoform E
32794	wupA	wings up A	Drosophila melanogaster	fruit fly	7227	NC_004354.4:18105568-18116922	-	chr X	PROTEIN_CODING	NM_001258805.2		1039	NM_001258805.2:141-740	NP_001245734.1	isoform J [Drosophila melanogaster]	199	wings up A, isoform J
32794	wupA	wings up A	Drosophila melanogaster	fruit fly	7227	NC_004354.4:18105568-18116922	-	chr X	PROTEIN_CODING	NM_001258804.2		1029	NM_001258804.2:141-740	NP_001245733.1	isoform I [Drosophila melanogaster]	199	wings up A, isoform I
32794	wupA	wings up A	Drosophila melanogaster	fruit fly	7227	NC_004354.4:18105568-18116922	-	chr X	PROTEIN_CODING	NM_001258803.2		1212	NM_001258803.2:141-923	NP_001245732.1	isoform H [Drosophila melanogaster]	260	wings up A, isoform H
