gene_id	gene_symbol	description	scientific_name	common_name	tax_id	genomic_range	orientation	location	gene_type	transcript_accession	transcript_name	transcript_length	transcript_cds_coords	protein_accession	isoform_name	protein_length	protein_name
41423	l(3)neo38	lethal (3) neo38	Drosophila melanogaster	fruit fly	7227	NT_033777.3:11765038-11779128	-	chr 3R	PROTEIN_CODING	NM_001043243.3		6236	NM_001043243.3:1091-2434	NP_001036708.1	isoform B [Drosophila melanogaster]	447	lethal (3) neo38, isoform B
41423	l(3)neo38	lethal (3) neo38	Drosophila melanogaster	fruit fly	7227	NT_033777.3:11765038-11779128	-	chr 3R	PROTEIN_CODING	NM_001260134.2		3691	NM_001260134.2:165-1247	NP_001247063.1	isoform J [Drosophila melanogaster]	360	lethal (3) neo38, isoform J
41423	l(3)neo38	lethal (3) neo38	Drosophila melanogaster	fruit fly	7227	NT_033777.3:11765038-11779128	-	chr 3R	PROTEIN_CODING	NM_001260131.2		3815	NM_001260131.2:289-1371	NP_001247060.1	isoform G [Drosophila melanogaster]	360	lethal (3) neo38, isoform G
41423	l(3)neo38	lethal (3) neo38	Drosophila melanogaster	fruit fly	7227	NT_033777.3:11765038-11779128	-	chr 3R	PROTEIN_CODING	NM_001260136.2		4963	NM_001260136.2:1215-2519	NP_001247065.1	isoform D [Drosophila melanogaster]	434	lethal (3) neo38, isoform D
41423	l(3)neo38	lethal (3) neo38	Drosophila melanogaster	fruit fly	7227	NT_033777.3:11765038-11779128	-	chr 3R	PROTEIN_CODING	NM_001260133.2		1414	NM_001260133.2:64-1185	NP_001247062.1	isoform I [Drosophila melanogaster]	373	lethal (3) neo38, isoform I
41423	l(3)neo38	lethal (3) neo38	Drosophila melanogaster	fruit fly	7227	NT_033777.3:11765038-11779128	-	chr 3R	PROTEIN_CODING	NM_001043244.3		2247	NM_001043244.3:675-2018	NP_001036709.1	isoform C [Drosophila melanogaster]	447	lethal (3) neo38, isoform C
41423	l(3)neo38	lethal (3) neo38	Drosophila melanogaster	fruit fly	7227	NT_033777.3:11765038-11779128	-	chr 3R	PROTEIN_CODING	NM_001275556.2		2247	NM_001275556.2:675-2042	NP_001262485.1	isoform L [Drosophila melanogaster]	455	lethal (3) neo38, isoform L
41423	l(3)neo38	lethal (3) neo38	Drosophila melanogaster	fruit fly	7227	NT_033777.3:11765038-11779128	-	chr 3R	PROTEIN_CODING	NM_001260135.1		1611	NM_001260135.1:39-1382	NP_001247064.1	isoform K [Drosophila melanogaster]	447	lethal (3) neo38, isoform K
41423	l(3)neo38	lethal (3) neo38	Drosophila melanogaster	fruit fly	7227	NT_033777.3:11765038-11779128	-	chr 3R	PROTEIN_CODING	NM_001260130.1		1417	NM_001260130.1:67-1188	NP_001247059.1	isoform F [Drosophila melanogaster]	373	lethal (3) neo38, isoform F
41423	l(3)neo38	lethal (3) neo38	Drosophila melanogaster	fruit fly	7227	NT_033777.3:11765038-11779128	-	chr 3R	PROTEIN_CODING	NM_141856.3		1522	NM_141856.3:151-1293	NP_650113.1	isoform A [Drosophila melanogaster]	380	lethal (3) neo38, isoform A
