gene_id	gene_symbol	description	scientific_name	common_name	tax_id	genomic_range	orientation	location	gene_type	transcript_accession	transcript_name	transcript_length	transcript_cds_coords	protein_accession	isoform_name	protein_length	protein_name
31816	Moe	Moesin	Drosophila melanogaster	fruit fly	7227	NC_004354.4:8873012-8898332	-	chr X	PROTEIN_CODING	NM_001272432.1		2995	NM_001272432.1:306-2060	NP_001259361.1	isoform M [Drosophila melanogaster]	584	moesin, isoform M
31816	Moe	Moesin	Drosophila melanogaster	fruit fly	7227	NC_004354.4:8873012-8898332	-	chr X	PROTEIN_CODING	NM_206668.3		2919	NM_206668.3:257-1984	NP_996391.1	isoform F [Drosophila melanogaster]	575	moesin, isoform F
31816	Moe	Moesin	Drosophila melanogaster	fruit fly	7227	NC_004354.4:8873012-8898332	-	chr X	PROTEIN_CODING	NM_080343.4		3003	NM_080343.4:341-2068	NP_525082.2	isoform D [Drosophila melanogaster]	575	moesin, isoform D
31816	Moe	Moesin	Drosophila melanogaster	fruit fly	7227	NC_004354.4:8873012-8898332	-	chr X	PROTEIN_CODING	NM_001258654.1		3064	NM_001258654.1:189-2129	NP_001245583.1	isoform K [Drosophila melanogaster]	646	moesin, isoform K
31816	Moe	Moesin	Drosophila melanogaster	fruit fly	7227	NC_004354.4:8873012-8898332	-	chr X	PROTEIN_CODING	NM_206667.3		2295	NM_206667.3:244-1971	NP_996390.1	isoform G [Drosophila melanogaster]	575	moesin, isoform G
31816	Moe	Moesin	Drosophila melanogaster	fruit fly	7227	NC_004354.4:8873012-8898332	-	chr X	PROTEIN_CODING	NM_206666.3		2236	NM_206666.3:185-1912	NP_996389.1	isoform H [Drosophila melanogaster]	575	moesin, isoform H
31816	Moe	Moesin	Drosophila melanogaster	fruit fly	7227	NC_004354.4:8873012-8898332	-	chr X	PROTEIN_CODING	NM_206669.2		2283	NM_206669.2:232-1959	NP_996392.1	isoform E [Drosophila melanogaster]	575	moesin, isoform E
31816	Moe	Moesin	Drosophila melanogaster	fruit fly	7227	NC_004354.4:8873012-8898332	-	chr X	PROTEIN_CODING	NM_206665.3		2282	NM_206665.3:231-1958	NP_996388.1	isoform I [Drosophila melanogaster]	575	moesin, isoform I
31816	Moe	Moesin	Drosophila melanogaster	fruit fly	7227	NC_004354.4:8873012-8898332	-	chr X	PROTEIN_CODING	NM_206664.3		2401	NM_206664.3:341-2077	NP_996387.1	isoform J [Drosophila melanogaster]	578	moesin, isoform J
31816	Moe	Moesin	Drosophila melanogaster	fruit fly	7227	NC_004354.4:8873012-8898332	-	chr X	PROTEIN_CODING	NM_001258655.1		2528	NM_001258655.1:468-2204	NP_001245584.1	isoform L [Drosophila melanogaster]	578	moesin, isoform L
31816	Moe	Moesin	Drosophila melanogaster	fruit fly	7227	NC_004354.4:8873012-8898332	-	chr X	PROTEIN_CODING	NM_167168.4		2462	NM_167168.4:189-2138	NP_727290.1	isoform B [Drosophila melanogaster]	649	moesin, isoform B
31816	Moe	Moesin	Drosophila melanogaster	fruit fly	7227	NC_004354.4:8873012-8898332	-	chr X	PROTEIN_CODING	NM_167169.2		2353	NM_167169.2:107-2029	NP_727291.1	isoform A [Drosophila melanogaster]	640	moesin, isoform A
31816	Moe	Moesin	Drosophila melanogaster	fruit fly	7227	NC_004354.4:8873012-8898332	-	chr X	PROTEIN_CODING	NM_167170.2		2027	NM_167170.2:165-1703	NP_727292.1	isoform C [Drosophila melanogaster]	512	moesin, isoform C
