gene_id	gene_symbol	description	scientific_name	common_name	tax_id	genomic_range	orientation	location	gene_type	transcript_accession	transcript_name	transcript_length	transcript_cds_coords	protein_accession	isoform_name	protein_length	protein_name
32020	Ork1	Open rectifier K[+] channel 1	Drosophila melanogaster	fruit fly	7227	NC_004354.4:10878054-10891250	-	chr X	PROTEIN_CODING	NM_167259.3		4100	NM_167259.3:633-3638	NP_727466.1	isoform A [Drosophila melanogaster]	1001	open rectifier K[+] channel 1, isoform A
32020	Ork1	Open rectifier K[+] channel 1	Drosophila melanogaster	fruit fly	7227	NC_004354.4:10878054-10891250	-	chr X	PROTEIN_CODING	NM_001298167.1		4409	NM_001298167.1:942-3947	NP_001285096.1	isoform D [Drosophila melanogaster]	1001	open rectifier K[+] channel 1, isoform D
32020	Ork1	Open rectifier K[+] channel 1	Drosophila melanogaster	fruit fly	7227	NC_004354.4:10878054-10891250	-	chr X	PROTEIN_CODING	NM_078557.5		3979	NM_078557.5:512-3517	NP_511112.1	isoform B [Drosophila melanogaster]	1001	open rectifier K[+] channel 1, isoform B
32020	Ork1	Open rectifier K[+] channel 1	Drosophila melanogaster	fruit fly	7227	NC_004354.4:10878054-10891250	-	chr X	PROTEIN_CODING	NM_001298168.1		4033	NM_001298168.1:512-3571	NP_001285097.1	isoform C [Drosophila melanogaster]	1019	open rectifier K[+] channel 1, isoform C
