gene_id	gene_symbol	description	scientific_name	common_name	tax_id	genomic_range	orientation	location	gene_type	transcript_accession	transcript_name	transcript_length	transcript_cds_coords	protein_accession	isoform_name	protein_length	protein_name
33085	CG32512	uncharacterized protein	Drosophila melanogaster	fruit fly	7227	NC_004354.4:21062277-21067540	-	chr X	PROTEIN_CODING	NM_001298580.1		2322	NM_001298580.1:322-1632	NP_001285509.1	isoform D [Drosophila melanogaster]	436	uncharacterized protein, isoform D
33085	CG32512	uncharacterized protein	Drosophila melanogaster	fruit fly	7227	NC_004354.4:21062277-21067540	-	chr X	PROTEIN_CODING	NM_134584.4		2215	NM_134584.4:322-1632	NP_608428.1	isoform A [Drosophila melanogaster]	436	uncharacterized protein, isoform A
33085	CG32512	uncharacterized protein	Drosophila melanogaster	fruit fly	7227	NC_004354.4:21062277-21067540	-	chr X	PROTEIN_CODING	NM_001272826.1		1412	NM_001272826.1:128-829	NP_001259755.1	isoform C [Drosophila melanogaster]	233	uncharacterized protein, isoform C
33085	CG32512	uncharacterized protein	Drosophila melanogaster	fruit fly	7227	NC_004354.4:21062277-21067540	-	chr X	PROTEIN_CODING	NM_001272825.1		1283	NM_001272825.1:112-738	NP_001259754.1	isoform B [Drosophila melanogaster]	208	uncharacterized protein, isoform B
