gene_id	gene_symbol	description	scientific_name	common_name	tax_id	genomic_range	orientation	location	gene_type	transcript_accession	transcript_name	transcript_length	transcript_cds_coords	protein_accession	isoform_name	protein_length	protein_name
32780	Sh	Shaker	Drosophila melanogaster	fruit fly	7227	NC_004354.4:17924307-18063247	-	chr X	PROTEIN_CODING	NM_078669.5		7860	NM_078669.5:606-2456	NP_523393.3	isoform B [Drosophila melanogaster]	616	shaker, isoform B
32780	Sh	Shaker	Drosophila melanogaster	fruit fly	7227	NC_004354.4:17924307-18063247	-	chr X	PROTEIN_CODING	NM_001272737.1		3836	NM_001272737.1:1352-3166	NP_001259666.2	isoform S [Drosophila melanogaster]	604	shaker, isoform S
32780	Sh	Shaker	Drosophila melanogaster	fruit fly	7227	NC_004354.4:17924307-18063247	-	chr X	PROTEIN_CODING	NM_167592.4		2442	NM_167592.4:275-1990	NP_728120.1	isoform D [Drosophila melanogaster]	571	shaker, isoform D
32780	Sh	Shaker	Drosophila melanogaster	fruit fly	7227	NC_004354.4:17924307-18063247	-	chr X	PROTEIN_CODING	NM_001272736.2		2843	NM_001272736.2:541-2391	NP_001259665.2	isoform Q [Drosophila melanogaster]	616	shaker, isoform Q
32780	Sh	Shaker	Drosophila melanogaster	fruit fly	7227	NC_004354.4:17924307-18063247	-	chr X	PROTEIN_CODING	NM_167594.4		12181	NM_167594.4:2389-4320	NP_728122.1	isoform C [Drosophila melanogaster]	643	shaker, isoform C
32780	Sh	Shaker	Drosophila melanogaster	fruit fly	7227	NC_004354.4:17924307-18063247	-	chr X	PROTEIN_CODING	NM_001201739.2		6786	NM_001201739.2:2389-4320	NP_001188668.1	isoform I [Drosophila melanogaster]	643	shaker, isoform I
32780	Sh	Shaker	Drosophila melanogaster	fruit fly	7227	NC_004354.4:17924307-18063247	-	chr X	PROTEIN_CODING	NM_206775.5		4135	NM_206775.5:1996-3927	NP_996498.2	isoform J [Drosophila melanogaster]	643	shaker, isoform J
32780	Sh	Shaker	Drosophila melanogaster	fruit fly	7227	NC_004354.4:17924307-18063247	-	chr X	PROTEIN_CODING	NM_001258798.2		4138	NM_001258798.2:1996-3930	NP_001245727.1	isoform L [Drosophila melanogaster]	644	shaker, isoform L
32780	Sh	Shaker	Drosophila melanogaster	fruit fly	7227	NC_004354.4:17924307-18063247	-	chr X	PROTEIN_CODING	NM_167595.4		2781	NM_167595.4:606-2573	NP_728123.1	isoform E [Drosophila melanogaster]	655	shaker, isoform E
32780	Sh	Shaker	Drosophila melanogaster	fruit fly	7227	NC_004354.4:17924307-18063247	-	chr X	PROTEIN_CODING	NM_001316640.1		2781	NM_001316640.1:606-2573	NP_001303569.1	isoform T [Drosophila melanogaster]	655	shaker, isoform T
32780	Sh	Shaker	Drosophila melanogaster	fruit fly	7227	NC_004354.4:17924307-18063247	-	chr X	PROTEIN_CODING	NM_167596.5		1814	NM_167596.5:275-1189	NP_728124.1	isoform A [Drosophila melanogaster]	304	shaker, isoform A
32780	Sh	Shaker	Drosophila melanogaster	fruit fly	7227	NC_004354.4:17924307-18063247	-	chr X	PROTEIN_CODING	NM_001272735.3		3578	NM_001272735.3:2389-3402	NP_001259664.1	isoform M [Drosophila melanogaster]	337	shaker, isoform M
32780	Sh	Shaker	Drosophila melanogaster	fruit fly	7227	NC_004354.4:17924307-18063247	-	chr X	PROTEIN_CODING	NM_001169317.1		1286	NM_001169317.1:196-1110	NP_001162788.1	isoform H [Drosophila melanogaster]	304	shaker, isoform H
32780	Sh	Shaker	Drosophila melanogaster	fruit fly	7227	NC_004354.4:17924307-18063247	-	chr X	PROTEIN_CODING	NM_001258797.1		2221	NM_001258797.1:1152-2045	NP_001245726.1	isoform K [Drosophila melanogaster]	297	shaker, isoform K
32780	Sh	Shaker	Drosophila melanogaster	fruit fly	7227	NC_004354.4:17924307-18063247	-	chr X	PROTEIN_CODING	NM_206774.2		1774	NM_206774.2:549-1598	NP_996497.1	isoform F [Drosophila melanogaster]	349	shaker, isoform F
