gene_id	gene_symbol	description	scientific_name	common_name	tax_id	genomic_range	orientation	location	gene_type	transcript_accession	transcript_name	transcript_length	transcript_cds_coords	protein_accession	isoform_name	protein_length	protein_name
41589	CG7381	uncharacterized protein	Drosophila melanogaster	fruit fly	7227	NT_033777.3:12967775-12977471	-	chr 3R	PROTEIN_CODING	NM_001275584.1		2948	NM_001275584.1:663-2540	NP_001262513.1	isoform E [Drosophila melanogaster]	625	uncharacterized protein, isoform E
41589	CG7381	uncharacterized protein	Drosophila melanogaster	fruit fly	7227	NT_033777.3:12967775-12977471	-	chr 3R	PROTEIN_CODING	NM_169486.2		3098	NM_169486.2:813-2690	NP_731755.2	isoform D [Drosophila melanogaster]	625	uncharacterized protein, isoform D
41589	CG7381	uncharacterized protein	Drosophila melanogaster	fruit fly	7227	NT_033777.3:12967775-12977471	-	chr 3R	PROTEIN_CODING	NM_169485.2		2913	NM_169485.2:628-2505	NP_731754.1	isoform B [Drosophila melanogaster]	625	uncharacterized protein, isoform B
41589	CG7381	uncharacterized protein	Drosophila melanogaster	fruit fly	7227	NT_033777.3:12967775-12977471	-	chr 3R	PROTEIN_CODING	NM_001275585.1		2603	NM_001275585.1:60-2195	NP_001262514.1	isoform F [Drosophila melanogaster]	711	uncharacterized protein, isoform F
41589	CG7381	uncharacterized protein	Drosophila melanogaster	fruit fly	7227	NT_033777.3:12967775-12977471	-	chr 3R	PROTEIN_CODING	NM_141985.3		2606	NM_141985.3:60-2198	NP_650242.1	isoform A [Drosophila melanogaster]	712	uncharacterized protein, isoform A
